Workbook
Name ACTION: #REF!

Sheet Cover
C2: TEST CASE
B4: Project Name | C4: Quản lí tiêm chủng cho gia súc và gia cầm cho các hộ chăn nuôi của quận/huyện | F4: Creator | G4: Võ Văn Hoan Lê Thị Thanh Nga Trương Thanh Hữu Lê Trường Lâm Tạ Quang Hoàng
B5: Project Code | C5: SE04 | F5: Reviewer/Approver
B6: Document Code | C6: =C5&"_"&"Blackbox testcase"&F9&"v2.0" -> SE04_Blackbox testcasev2.0 | F6: Issue Date | G6: 42982
F7: Version | G7: 2
B10: Record of change
B11: Effective Date | C11: Version | D11: Change Item | E11: *A,D,M | F11: Change description | G11: Reference
B12: 26/03/2017 | C12: 1.0 | E12: A | G12: Blackbox testcase-template
B13: 42982 | C13: 2.0 | E13: M,D | F13: Bổ sung các màn hình cho các chức năng. Bổ sung các case còn thiếu và xóa bớt một số case dư thừa | G13: Blackbox testcase-template

Sheet Test case List
D1: TEST CASE LIST
B3: Project Name | D3: =Cover!C4 -> Quản lí tiêm chủng cho gia súc và gia cầm cho các hộ chăn nuôi của quận/huyện
B4: Project Code | D4: =Cover!C5 -> SE04
B5: Test Environment Setup Description | D5: 1. Apache Tomcat 9 2. Eclipse 3. MySQL 4. Web Browser
B8: No | C8: Function Name | D8: Sheet Name | E8: Description | F8: Pre-Condition
B9: 1 | C9: Function - Tìm kiếm cán bộ | D9: Quản lí cán bộ | E9: Check GUI và FUNC chức năng tiềm kiếm cán bộ | F9: Tại Menu Ứng dụng: 1. Click [Cán bộ] 2. Click [Danh sách].
B10: 2 | C10: Function - Chỉnh sửa thông tin cán bộ | D10: Quản lí cán bộ | E10: Check GUI và FUNC chức năng chỉnh sửa thông tin cán bộ | F10: C1:Tại màn hình Danh sách cán bộ: Click [Sửa] Button ngay tại cán bộ cần sửa. C2: Tại màn hình Xem cán bộ: Click [Sửa]Button.
B11: 3 | C11: Function - Thêm cán bộ | D11: Quản lí cán bộ | E11: Check GUI và FUNC chức năng thêm cán bộ | F11: Tại Menu Ứng dụng: 1. Click [Cán bộ] 2. Click [Thêm mới]
B12: 4 | C12: Function - Xóa cán bộ | D12: Quản lí cán bộ | E12: Check GUI và FUNC chức năng xóa cán bộ | F12: Tại màn hình Danh sách cán bộ: Click [Xóa] ngay tại cán bộ muốn xóa.
B13: 5 | C13: Layout QL Cán bộ | D13: Layout QL cán bộ | E13: GUI chức năng Quản lý Cán bộ

Sheet Quản lí cán bộ
A2: Module Code | B2: Quản lí cán bộ
A3: Test requirement | B3: 1. Tìm kiếm cán bộ. 2. Thêm cán bộ 3. Chỉnh sửa thông tin cán bộ 4. Xóa cán bộ
A4: Tester | B4: Lê Trường Lâm
A5: Pass | B5: Fail | C5: Untested | D5: N/A | E5: Number of Test cases
A6: =COUNTIF(F11:F1147,"Pass") -> 0 | B6: =COUNTIF(F11:F1147,"Fail") -> 0 | C6: =E6-D6-B6-A6 -> 104 | D6: =COUNTIF(F$11:F$1147,"N/A") -> 0 | E6: =COUNTA(A11:A1147) -> 104
A8: ID | B8: Test Case Description | C8: Test Case Procedure | D8: Expected Output | E8: Inter-test case Dependence | F8: Result | G8: Test date | H8: Note
B9: Function : Tìm kiếm cán bộ
B10: Check GUI-Tìm kiếm cán bộ
A11: GUI-SearchCB-01 | B11: [Thêm] Button
C12: Nếu người dùng không có quyền thêm cán bộ | D12: Status = disable
C13: Trường hợp khác | D13: Status = enable
A14: GUI-SearchCB-02 | B14: [Search] Search | D14: Status = enable
A15: GUI-SearchCB-03 | B15: [Result]Grid | D15: Format: 10 bản ghi trong 1 trang
C16: [Họ tên]Column | D16: Lấy dữ liệu từ cột Họ tên của bảng Họ tên
C17: [Ngày sinh]Column | D17: Lấy dữ liệu từ cột Ngày sinh của bảng Ngày sinh
A18: GUI-SearchCB-04 | B18: [Sửa]Button | C18: Nếu người dùng không có quyền sửa thông tin cán bộ | D18: Status = disable
C19: Trường hợp khác | D19: Status = enable
A20: GUI-SearchCB-05 | B20: [Xóa]Button | C20: Nếu người dùng không có quyền xóa cán bộ | D20: Statuss = disable
C21: Trường hợp khác | D21: Status = enable
A22: GUI-SearchCB-06 | B22: [Đầu]Button | C22: Nếu người quản lí đang ở trang đầu tiên của danh sách. | D22: Status = disable
C23: Trường hợp khác | D23: Status = enable
A24: GUI-SearchCB-07 | B24: [Trước]Button | C24: Nếu người quản lí đang ở trang đâu tiên của danh sách. | D24: Status = disable
C25: Trường hợp khác | D25: Status = enable
A26: GUI-SearchCB-08 | B26: [Sau]Button | C26: Nếu người quản lí đang ở trang cuối của danh sách hoặc các bản ghi hiện tại có ít hơn hoặc bằng 10 bản ghi. | D26: Status = disable
C27: Trường hợp khác | D27: Status = enable
A28: GUI-SearchCB-09 | B28: [Cuối]Button | C28: Nếu người quản lí đang ở trang cuối của danh sách hoặc các bản ghi hiện tại có ít hơn hoặc bằng 10 bản ghi. | D28: Status = disable
C29: Trường hợp khác | D29: Status = enable
B30: Check FUNC-Tìm kiếm cán bộ
A31: FUNC-SearchCB-01 | B31: Mở màn hình tìm kiếm thành công | C31: Tại Menu Ứng dụng: 1. Click [Cán bộ] 2. Click [Danh sách cán bộ]. | D31: Mở màn hình danh sách cán bộ (refer sheet Layout QL cán bộ)
A32: FUNC-SearchCB-02 | B32: Tìm kiếm thành công nhưng không có kết quả tìm thấy | C32: Tại màn hình tìm kiếm: 1. Nhập vào dữ liệu không tồn tại trong hệ thống. (Ví dụ: Nhập vào tên Nguyễn Văn Anh không tồn tại trong hệ thống) 2. Nhấn Enter | D32: Hiển thị thông báo: "Không tìm thấy dữ liệu phù hợp!"
A33: FUNC-SearchCB-03 | B33: Tìm kiếm thành công nhưng không nhập dữ liệu | C33: Tại màn hình tìm kiếm: 1. Không nhập dữ liệu vào. 2. Nhấn Enter | D33: Hiển thị danh sách tất cả cán bộ trong hệ thống.
A34: FUNC-SearchCB-04 | B34: Tìm kiếm thành công với dữ liệu được nhập vào là họ tên | C34: Tại màn hình tìm kiếm: 1. Nhập vào tên cán bộ cần tìm. 2. Nhấn Enter. | D34: Hiển thị danh sách cán bộ phù hợp với họ tên nhập vào.
A35: FUNC-SearchCB-05 | B35: Tìm kiếm thành công với dữ liệu được nhập vào là Ngày sinh | C35: Tại màn hình tìm kiếm: 1. Nhập vào Ngày sinh cần tìm. 2. Nhấn Enter. | D35: Hiển thị danh sách cán bộ phù hợp với Ngày sinh nhập vào.
B36: Function : Thêm cán bộ
B37: Check GUI-Thêm cán bộ
A38: GUI-ThemCB-01 | B38: [Tên cán bộ] Textbox | C38: Nhập vào tên cán bộ cần thêm. | D38: Status = enable Default = blank Max-length = 100
A39: GUI-ThemCB-02 | B39: [Giới tính] Combobox | C39: Lựa chọn giới tính cán bộ. | D39: Status = enable Max-length = 20
A40: GUI-ThemCB-03 | B40: [Ngày sinh] Datechoose | C40: Lựa chọn ngày sinh cán bộ. | D40: Status = enable
A41: GUI-ThemCB-04 | B41: [Số điện thoại] Textbox | C41: Nhập vào số điện thoại cán bộ. | D41: Status = enable Default = blank Max-length = 50
A42: GUI-ThemCB-05 | B42: [Hình ảnh] Choosefile | C42: Chọn hình ảnh đại diện. | D42: Status = enable
A43: GUI-ThemCB-06 | B43: [Email] Textbox | C43: Nhập vào địa chỉ email cán bộ. | D43: Status = enable Default = blank Max-length = 50
A44: GUI-ThemCB-07 | B44: [Địa chỉ] Textbox | C44: Nhập vào địa chỉ cán bộ. | D44: Status = enable Max-length = 100
A45: GUI-ThemCB-08 | B45: [Nơi công tác] Textbox | C45: Nhập vào nơi công tác của cán bộ. | D45: Status = enable Default = blank Max-length = 100
A46: GUI-ThemCB-09 | B46: [Chức vụ] Textbox | C46: Nhập vào chức vụ của cán bộ. | D46: Status = enable Default = blank Max-length = 50
A47: GUI-ThemCB-10 | B47: [OK] Button | D47: Status = enable
A48: GUI-ThemCB-11 | B48: [Reset] Button | D48: Status = enable
A49: GUI-ThemCB-12 | B49: [Hủy] Button | D49: Status = enable
B50: Check FUNC-Thêm cán bộ
A51: FUNC-ThemCB-01 | B51: Mở màn hình Thêm cán bộ thành công | C51: Tại Menu Ứng dụng: Click Thêm cán bộ Tại màn hình Danh sách cán bộ: Click Thêm | D51: Hiển thị màn hình Thêm cán bộ
A52: FUNC-ThemCB-02 | B52: Không nhập tên cán bộ | C52: Tại màn hình thêm cán bộ: 1. Không nhập dữ liệu vào [Tên cán bộ] textbox. 2. Nhấn [Thêm] button. | D52: Hiển thị thông báo: "Vui lòng nhập tên cán bộ!" Trỏ chuột tại [Tên cán bộ] textbox.
A53: FUNC-ThemCB-03 | B53: Nhập tên cán bộ quá số kí tự cho phép | C53: Tại màn hình Thêm cán bộ: 1. Nhập quá 100 ký tự tại [Tên cán bộ]textbox 2. Nhấn [Thêm] button. | D53: Hiển thị thông báo: "Vui lòng không nhập quá 100 ký tự!" Trỏ chuột tại [Tên cán bộ]textbox.
A54: FUNC-ThemCB-04 | B54: Nhập tên cán bộ toàn kí tự trống. | C54: Tại màn hình Thêm cán bộ: 1. Nhập toàn ký tự trống tại [Tên cán bộ]textbox 2. Nhấn [Thêm] button. | D54: Hiển thị thông báo: "Vui lòng không nhập toàn bộ ký tự trống!" Trỏ chuột tại [Tên cán bộ]textbox.
A55: FUNC-ThemCB-05 | B55: Nhập tên cán bộ có kí tự đặc biệt. | C55: Tại màn hình Thêm cán bộ: 1. Nhập ký tự đặc biệt tại [Tên cán bộ]textbox 2. Nhấn [Thêm] button. | D55: Hiển thị thông báo: "Vui lòng không nhập ký tự đặc biệt!" Trỏ chuột tại [Tên cán bộ]textbox.
A56: FUNC-ThemCB-06 | B56: Nhập tên cán bộ có ký tự số. | C56: Tại màn hình Thêm cán bộ: 1. Nhập ký tự số tại [Tên cán bộ]textbox 2. Nhấn [Thêm] button. | D56: Hiển thị thông báo: "Vui lòng không nhập ký tự số!" Trỏ chuột tại [Tên cán bộ]textbox.
A57: FUNC-ThemCB-07 | B57: Không chọn giới tính | C57: Tại màn hình Thêm cán bộ: 1. Không chọn giới tính tại [Giới tính]Combobox. 2. Nhấn [Thêm] button. | D57: Hiển thị thông báo: "Vui lòng chọn giới tính!"
A58: FUNC-ThemCB-08 | B58: Không nhập ngày sinh | C58: Tại màn hình Thêm cán bộ: 1. Không chọn ngày sinh tại [Ngày sinh]Datechoose. 2. Nhấn [Thêm] button. | D58: Hiển thị thông báo: "Vui lòng chọn năm sinh!"
A59: FUNC-ThemCB-09 | B59: Không nhập số điện thoại | C59: Tại màn hình Thêm cán bộ: 1. Không nhập dữ liệu vào [Số điện thoại] textbox. 2. Nhấn [Thêm] button. | D59: Hiển thị thông báo: "Vui lòng nhập số điện thoại!" Trỏ chuột tại [Số điện thoại] textbox.
A60: FUNC-ThemCB-10 | B60: Nhập quá số ký tự số điện thoại cho phép | C60: Tại màn hình Thêm cán bộ: 1. Nhập quá 50 ký tự tại [Số điện thoại]textbox 2. Nhấn [Thêm] button. | D60: Hiển thị thông báo: "Vui lòng không nhập quá 50 ký tự!" Trỏ chuột tại [Số điện thoại]textbox.
A61: FUNC-ThemCB-11 | B61: Nhập toàn ký tự trống. | C61: Tại màn hình Thêm cán bộ: 1. Nhập toàn bộ là ký tự trống tại [Số điện thoại]textbox 2. Nhấn [Thêm] button. | D61: Hiển thị thông báo: "Vui lòng không nhập toàn bộ là ký tự trống!" Trỏ chuột tại [Số điện thoại]textbox.
A62: FUNC-ThemCB-12 | B62: Nhập số điện thoại có ký tự là chữ cái. | C62: Tại màn hình Thêm cán bộ: 1. Nhập ký tự chữ cái tại [Số điện thoại]textbox 2. Nhấn [Thêm] button. | D62: Hiển thị thông báo: "Vui lòng không nhập chữ cái!" Trỏ chuột tại [Số điện thoại]textbox.
... A81: FUNC-ThemCB-31 | B81: Hủy việc thêm cán bộ. | C81: Tại màn hình Thêm cán bộ: Nhấn[ Hủy] Button. | D81: Hiển thị màn hình Danh sách cán bộ.
B82: Function: Sửa cán bộ
B83: Check-GUI-Sửa cán bộ
A84: GUI-SuaCB-01 | B84: [Tên cán bộ] Textbox | C84: Nhập vào tên cán bộ cần chỉnh sửa. | D84: Status = enable Default = Tên cán bộ đã tồn tại trong cơ sở dữ liệu Max-length = 100
A85: GUI-SuaCB-02 | B85: [Giới tính] Combobox | C85: Lựa chọn giới tính cán bộ. | D85: Status = enable Default = Ngày sinh đã tồn tại tong cơ sở dữ liệu.
A86: GUI-SuaCB-03 | B86: [Ngày sinh] Datechoose | C86: Lựa chọn ngày sinh cán bộ. | D86: Status = enable Default = Giới tính đã tồn tại tong cơ sở dữ liệu.
A87: GUI-SuaCB-04 | B87: [Số điện thoại] Textbox | C87: Nhập vào số điện thoại cán bộ. | D87: Status = enable Default = Số điện thoại đã tồn tại tong cơ sở dữ liệu. Max-length = 50
A88: GUI-SuaCB-05 | B88: [Hình ảnh] Choosefile | C88: Chọn hình ảnh đại diện. | D88: Status = enable
A89: GUI-SuaCB-06 | B89: [Email] Textbox | C89: Nhập vào địa chỉ email cán bộ. | D89: Status = enable Default = Email đã tồn tại tong cơ sở dữ liệu. Max-length = 100
A90: GUI-SuaCB-07 | B90: [Địa chỉ] Textbox | C90: Nhập vào địa chỉ cán bộ. | D90: Status = enable Max-length = 100
A91: GUI-SuaCB-08 | B91: [Nơi công tác] Textbox | C91: Nhập vào nơi công tác của cán bộ. | D91: Status = enable Default = Nơi công tác đã tồn tại tong cơ sở dữ liệu. Max-length = 100
A92: GUI-SuaCB-09 | B92: [Chức vụ] Textbox | C92: Nhập vào chức vụ của cán bộ. | D92: Status = enable Default = Chức vụ đã tồn tại tong cơ sở dữ liệu. Max-length = 50
A93: GUI-SuaCB-10 | B93: [Sửa] Button | D93: Status = enable
A94: GUI-SuaCB-11 | B94: [Reset] Button | D94: Status = enable
A95: GUI-SuaCB-12 | B95: [Hủy] Button | D95: Status = enable
B96: Check-FUNC-Sửa cán bộ
A97: FUNC-SuaCB-01 | B97: Mở màn hình Sửa cán bộ thành công | C97: C1:Tại màn hình Danh sách cán bộ: Click [Sửa] Button ngay tại cán bộ cần sửa. C2: Tại màn hình Xem cán bộ: Click [Sửa]Button. | D97: Hiển thị màn hình Sửa cán bộ
A98: FUNC-SuaCB-02 | B98: Không nhập tên cán bộ | C98: Tại màn hình Sửa cán bộ: 1. Không nhập dữ liệu vào [Tên cán bộ] textbox. 2. Nhấn [Sửa] button. | D98: Hiển thị thông báo: "Không nhập tên cán bộ!" Trỏ chuột tại [Tên cán bộ] textbox.
A99: FUNC-SuaCB-03 | B99: Nhập tên cán bộ toàn kí tự trống. | C99: Tại màn hình Sửa cán bộ: 1. Nhập toàn ký tự trống tại [Tên cán bộ]textbox 2. Nhấn [Sửa]button. | D99: Hiển thị thông báo: "Vui lòng không nhập toàn bộ ký tự trống!" Trỏ chuột tại [Tên cán bộ]textbox.
A100: FUNC-SuaCB-04 | B100: Nhập tên cán bộ có kí tự đặc biệt. | C100: Tại màn hình Sửa cán bộ: 1. Nhập ký tự đặc biệt tại [Tên cán bộ]textbox 2. Nhấn [Sửa]button. | D100: Hiển thị thông báo: "Vui lòng không nhập ký tự đặc biệt!" Trỏ chuột tại [Tên cán bộ]textbox.
A101: FUNC-SuaCB-05 | B101: Nhập tên cán bộ có ký tự số. | C101: Tại màn hình Sửa cán bộ: 1. Nhập ký tự số tại [Tên cán bộ]textbox 2. Nhấn [Sửa]button. | D101: Hiển thị thông báo: "Vui lòng không nhập ký tự số!" Trỏ chuột tại [Tên cán bộ]textbox.
A102: FUNC-SuaCB-06 | B102: Không chọn giới tính | C102: Tại màn hình Sửa cán bộ: 1. Không chọn giới tính tại [Giới tính]Combobox. 2. Nhấn [Sửa]Button. | D102: Hiển thị thông báo: "Vui lòng chọn giới tính!"
A103: FUNC-SuaCB-07 | B103: Không nhập ngày sinh | C103: Tại màn hình Sửa cán bộ: 1. Không chọn ngày sinh tại [Ngày sinh]Datechoose. 2. Nhấn [Sửa]Button. | D103: Hiển thị thông báo: "Vui lòng chọn ngày sinh!"
A104: FUNC-SuaCB-08 | B104: Không nhập số điện thoại | C104: Tại màn hình Sửa cán bộ: 1. Không nhập dữ liệu vào [Số điện thoại] textbox. 2. Nhấn [Sửa]button. | D104: Hiển thị thông báo: "Vui lòng nhập số điện thoại!" Trỏ chuột tại [Số điện thoại] textbox.
A105: FUNC-SuaCB-09 | B105: Nhập toàn ký tự trống. | C105: Tại màn hình Sửa cán bộ: 1. Nhập toàn bộ là ký tự trống tại [Số điện thoại]textbox 2. Nhấn [Sửa]button | D105: Hiển thị thông báo: "Vui lòng không nhập toàn bộ là ký tự trống!" Trỏ chuột tại [Số điện thoại]textbox.
A106: FUNC-SuaCB-10 | B106: Nhập số điện thoại có ký tự là chữ cái. | C106: Tại màn hình Sửa cán bộ: 1. Nhập ký tự chữ cái tại [Số điện thoại]textbox 2. Nhấn [Sửa]button | D106: Hiển thị thông báo: "Vui lòng không nhập chữ cái!" Trỏ chuột tại [Số điện thoại]textbox.
A107: FUNC-SuaCB-11 | B107: Nhập số điện thoại có ký tự đặc biệt. | C107: Tại màn hình Sửa cán bộ: 1. Nhập ký tự đặc biệt tại [Số điện thoại]textbox 2. Nhấn [Sửa]button. | D107: Hiển thị thông báo: "Vui lòng không nhập ký tự đặc biệt!" Trỏ chuột tại [Số điện thoại]textbox.
A108: FUNC-SuaCB-12 | B108: Nhập số điện thoại quá số ký tự cho phép. | C108: Tại màn hình Sửa cán bộ: 1. Nhập quá 50 ký tự tại [Số điện thoại]textbox 2. Nhấn [Sửa]button. | D108: Hiển thị thông báo: "Vui lòng không nhập quá 50 ký tựt!" Trỏ chuột tại [Số điện thoại]textbox.
... A125: FUNC-SuaCB-29 | B125: Hủy việc sửa cán bộ. | C125: Tại màn hình Sửa cán bộ: Nhấn[ Hủy] Button. | D125: Hiển thị màn hình Danh sách cán bộ.
B126: Function: Xóa cán bộ
B127: Check-GUI-Xóa cán bộ
A128: GUI-XoaCB-01 | B128: [OK] Button | D128: Status = enable
A129: GUI-XóaCB-02 | B129: [Cancel]Button | D129: Status = enable
B130: Check-FUNC-Xóa cán bộ
A131: FUNC-XoaCB-01 | B131: Mở thành công màn hình Xác nhận xóa | C131: Tại màn hình Danh sách cán bộ: Click [Xóa] ngay tại cán bộ muốn xóa. | D131: Hiển thị màn hình Xác nhận xóa.
A132: FUNC-XoaCB-02 | B132: Xóa thành công cán bộ. | C132: Tại màn hình Xác nhận xóa: Click [OK]Button. | D132: Hiển thị thông báo: "Xóa thành công!"
A133: FUNC-XoaCB-03 | B133: Xóa không thành công. | C133: Tại màn hình Xác nhận xóa: Trường hợp connect database lỗi Click [OK]Button. | D133: Hiển thị thông báo: "Xóa không thành công!'
A134: FUNC-XoaCB-04 | B134: Hủy việc xóa cán bộ. | C134: Tại màn hình Xác nhận xóa: Click [Cancel]Button. | D134: Hiển thị màn hình Danh sách cán bộ.

Sheet Layout QL cán bộ

Sheet Test Report
B1: TEST REPORT
B3: Project Name | C3: Quản lí tiêm chủng cho gia súc và gia cầm cho các hộ chăn nuôi của quận/huyện | E3: Creator | H3: Võ Văn Hoan
B4: Project Code | C4: SE04 | E4: Reviewer/Approver
B5: Document Code | C5: =C4&"_"&"Test Report"&"_"&"v2.0" -> SE04_Test Report_v2.0 | E5: Issue Date | H5: 42982
B6: Notes
B10: No | C10: Module code | D10: Pass | E10: Fail | F10: Untested | G10: N/A | H10: Number of test cases
B11: 1 | C11: ='Quản lí cán bộ'!B2 -> Quản lí cán bộ | D11: ='Quản lí cán bộ'!A6 -> 0 | E11: ='Quản lí cán bộ'!B6 -> 0 | F11: ='Quản lí cán bộ'!C6 -> 104 | G11: ='Quản lí cán bộ'!D6 -> 0 | H11: ='Quản lí cán bộ'!E6 -> 104
B12: 2
B13: 3
B14: 4
C15: Sub total | D15: =SUM(D11:D14) -> 0 | E15: =SUM(E11:E14) -> 0 | F15: =SUM(F11:F14) -> 104 | G15: =SUM(G11:G14) -> 0 | H15: =SUM(H11:H14) -> 104
C17: Test coverage | E17: =(D15+E15)*100/(H15-G15) -> 0 | F17: %
C18: Test successful coverage | E18: =D15*100/(H15-G15) -> 0 | F18: %
